<?xml version="1.0" encoding="utf-8" ?>
<objects xmlns="http://www.springframework.net"
         xmlns:wcf="http://www.springframework.net/wcf">

  <!-- Old fashion way -->
  <!-- returns ChannelFactory<ICalculator>("calculatorEndpoint").CreateChannel() -->
  <!--<object id="serverWebCalculator"
          type="Spring.WcfQuickStart.ICalculator, Spring.WcfQuickStart.Contracts"
          factory-object="serverWebCalculatorChannelFactory"
          factory-method="CreateChannel" />
  
  <object id="serverWebCalculatorChannelFactory"
          type="System.ServiceModel.ChannelFactory&lt;Spring.WcfQuickStart.ICalculator>, System.ServiceModel">
    <constructor-arg name="endpointConfigurationName" value="serverWebCalculatorEndpoint" />
  </object>-->

  <wcf:channelFactory id="serverWebCalculator"
    channelType="Spring.WcfQuickStart.ICalculator, Spring.WcfQuickStart.Contracts"
    endpointConfigurationName="serverWebCalculatorEndpoint">
    <!-- You can use classic DI to configure the ChannelFactory<T> instance -->
    <wcf:property name="Credentials.Windows.ClientCredential" value="Domain\Login:Password" />
  </wcf:channelFactory>
  
</objects>
